t_s,v_revs,decel_revs2,sin_angle,cos_angle
0.3,0.28810076645051197,0.008081936556318208,0.7883464276266089,-0.6152315905806234
0.4,0.28562721839779925,0.024374233493655122,0.6658665030465903,-0.7460709082389589
0.5,0.28319576655341905,0.032366087882707006,0.5219856978699383,-0.852954237470706
0.6,0.2783108551940927,0.056999206924146506,0.3641919542367522,-0.9313239073862624
0.7,0.27099609375,0.05698138606824443,0.19808507845815787,-0.980184830372428
0.8,0.2661331018028079,0.06521779350165957,0.030665871570049776,-0.9995296915654128
0.9,0.26121447671219045,0.06531887306344686,-0.134591181116974,-0.9909012130205199
1.0,0.2514633705358449,0.06500284087162338,-0.2917622541753523,-0.956490871382742
1.1,0.24661514379399563,0.056883518155714796,-0.43720597346034884,-0.8993614049816618
1.2,0.2441204007006803,0.04854122043577529,-0.5695090450003201,-0.821985065352664
1.3,0.23681654785171702,0.040799604579788706,-0.6862013971238254,-0.7274116046540019
1.4,0.23192613524646077,0.04084421883838729,-0.7855132874028823,-0.6188447909722735
1.5,0.22708550305775788,0.04072125615598073,-0.8670514904692915,-0.4982185392726571
1.6,0.2246070754206997,0.0406986901764365,-0.9290734453031654,-0.36989530036553075
1.7,0.22213061016859825,0.03248003969211766,-0.9715038909862501,-0.23702360599437391
1.8,0.21972905988565827,0.03259299487889204,-0.994879176525757,-0.10107138128783878
1.9,0.2124094565948198,0.040649192033370696,-0.9993777248782557,0.035272695065184684
2.0,0.21242999814468533,0.03256030656271965,-0.9857985479153134,0.16793219741329987
2.1,0.20748232504320896,0.04084883462596167,-0.9555943341307724,0.29468537218051005
2.2,0.20264084549225458,0.03239322717784414,-0.9091686362539735,0.41642813407848667
2.3,0.20017876060133943,0.04881980391526024,-0.849760814669279,0.5271684340441898
2.4,0.19534177200711156,0.032368733662480054,-0.7778534042094531,0.6284457666018327
2.5,0.1904153405907394,0.03274375408892638,-0.6961771314914621,0.7178700450557326
2.6,0.19046172648231163,0.0244140625,-0.605511041404333,0.7958369046088779
2.7,0.18551465345989726,0.024357993458797488,-0.5075089910529735,0.8616464611430797
2.8,0.1831378726096844,0.016332110707869184,-0.403838457567662,0.9148303122379426
2.9,0.18307793309819687,0.0244140625,-0.29614079356428175,0.9551442982016474
3.0,0.18303974794367406,5.606904120251481e-05,-0.18454773693862003,0.9828235511987052
3.1,0.18073479255118485,0.00814705595881075,-0.07356456359966586,0.9972904566786903
3.2,0.18059333244881515,-0.008218957725366257,0.04140564097707531,0.999142418724817
3.3,0.1807322854291371,-0.0001496062266663027,0.1543008481470617,0.9880239107739739
3.4,0.18304961363366345,-0.02431372771454221,0.26523690779372616,0.9641832723834315
3.5,0.18316368995140664,-0.024333125607967077,0.37419298213343466,0.9273508570773453
3.6,0.1880062530507587,-0.03236976144490219,0.4808393306003346,0.8768087238091453
3.7,0.19287057585049894,-0.03287592166654937,0.5808139580957586,0.8140363297059526
3.8,0.19531301789950106,-0.056840462113901445,0.6749570959302127,0.7378569770988506
3.9,0.20016766501463223,-0.048868874245873904,0.7612177491105175,0.6484963673291603
4.0,0.205078125,-0.056863791772225156,0.8382247055548342,0.5453249884220522
4.1,0.21241459943887264,-0.040815599233804775,0.9020127976387258,0.4317092921121332
4.2,0.2148460382036177,-0.04873173817543375,0.9519098374948701,0.3063782976656309
4.3,0.22209251152791154,-0.04063410777265612,0.9847505970232825,0.17397201402032683
4.4,0.22224106474549643,-0.03256850713266128,0.9993775077220531,0.03527884719286801
4.5,0.2270519576723018,-0.024477513270326767,0.9942409426439829,-0.10716784951842796
4.6,0.22715806154746332,-0.008138403259394522,0.9689031862533617,-0.2474401254204408
4.7,0.23184529749286753,-0.0162113197551624,0.9232938118329576,-0.38409443764648193
4.8,0.22948459441906266,-0.00010603926791456313,0.8585193801337934,-0.5127811169833453
4.9,0.229592854541103,0.008138452185354103,0.7749627725520831,-0.6320068837903494
5.0,0.22936189734494405,0.0325279133641961,0.6760927035753144,-0.7368165688773713
5.1,0.22708057167523776,0.02447088250256968,0.5644662415205222,-0.8254561540043757
5.2,0.2221432955327174,0.03248762376237835,0.4441262513237766,-0.8959642140649868
5.3,0.2197361350799909,0.04073841764598759,0.3151379287525263,-0.9490458818526993
5.4,0.2123953451872751,0.0569822919249674,0.18302794287289517,-0.9831077113560427
5.5,0.2075416304500166,0.05704699618137947,0.05213324272732179,-0.9986401378888865
5.6,0.2050839676687488,0.04875544535553426,-0.07662386139203275,-0.9970600703394829
5.7,0.19528180082485136,0.056957975129752945,-0.20110160837345997,-0.9795703870113712
5.8,0.19288431916962168,0.04885230262191935,-0.31949911198298186,-0.947586575169829
5.9,0.18553989208950128,0.05686994142214038,-0.4289412920553294,-0.9033323684945119
6.0,0.18303825205876478,0.048900151789273615,-0.531097521813159,-0.8473106999937633
6.1,0.17578125,0.06506359826765618,-0.6224694943905402,-0.7826440624914912
6.2,0.16851533348880565,0.04890839052791307,-0.7038452405244773,-0.71035334685707
6.3,0.1660184802323883,0.0487088773252727,-0.7739826906068161,-0.6332067550500654
6.4,0.16114475102430248,0.04076965471249139,-0.834864533905879,-0.5504554568955778
6.5,0.15625236122659203,0.048844113253091834,-0.8855178229588218,-0.46460540808547296
6.6,0.15136711234340794,0.048828109004972475,-0.9262102421383055,-0.37700741021643264
6.7,0.146483192536202,0.040682368771764274,-0.9573845007889765,-0.28881640820604726
6.8,0.1416205281074312,0.048819888136838095,-0.979572175698268,-0.20109289544327888
6.9,0.13906699104083486,0.04078629977234035,-0.9935639596535424,-0.11327249479716595
7.0,0.1319113195654964,0.04872369253116442,-0.9995752960467492,-0.02914150876419565
7.1,0.1294149845623238,0.040698341029828576,-0.9985594041461013,0.05365739829122355
7.2,0.12441588337217979,0.04872341891477561,-0.9911079137232783,0.13306052515712768
7.3,0.11968709269488897,0.040794810251891064,-0.9779985149345559,0.20861185197826884
7.4,0.11477373799358759,0.048828125,-0.9599983409935093,0.2800056879595659
7.5,0.1123097220784075,0.03262417210052604,-0.9373390119125766,0.3484186802494299
7.6,0.1074246329816475,0.04073840032307412,-0.9117060320054304,0.41084317105790263
7.7,0.10495250084883168,0.03243169840973319,-0.881921264348354,0.47139673682599953
7.8,0.10012516611176636,0.03256025403703215,-0.8497537309972345,0.5271798522859913
7.9,0.09763728439253327,0.040561548539367706,-0.8158144108067362,0.5783137964116521
8.0,0.09514064414830159,0.024470744716490838,-0.7788174784370163,0.6272506160068778
8.1,0.09033203125,0.032607615336743834,-0.7419804117208296,0.6704215603801745
8.2,0.08796482460169841,0.016268286693588152,-0.7027462017582589,0.7114406341461953
8.3,0.08781642539830159,0.024493690883886643,-0.6624157775901794,0.7491363945234526
8.4,0.08307610358393447,0.016245021774115763,-0.6212576241907175,0.7836063835784554
8.5,0.08293952141610106,0.016259284528885587,-0.5795645591394158,0.8149263290565194
8.6,0.0830078125,0.01625206651330776,-0.5362981787694809,0.8440285916060769
8.7,0.07819335937501393,0.008154282072444138,-0.49289819222979236,0.8700869911087067
8.8,0.08049804687498607,0.008138004459349684,-0.44960997437325806,0.8932249833855288
8.9,0.078125,-1.4591196399275458e-07,-0.4038455094758931,0.9148271992437459
9.0,0.078125,0.008089076779664122,-0.35846486276644607,0.9335432192254588
9.1,0.078125,8.15761905433495e-05,-0.3122248139218168,0.9500082450018457
9.2,0.078125,-4.0681613455717525e-05,-0.265234030285526,0.9641840639517418
9.3,0.078125,0.0,-0.21761326695434854,0.9760350741881438
9.4,0.078125,-4.887700200129075e-05,-0.1694502912339723,0.9855387353121753
9.5,0.078125,-0.008089143831332043,-0.12088808723577632,0.9926661424489481
9.6,0.07819898200757791,-8.01775451956625e-06,-0.0720346532468834,0.9974021299012757
9.7,0.08049242424242209,-0.0162680239121471,-0.021474080275460924,0.9997694053512155
9.8,0.08064053317827558,-4.76837158203125e-05,0.02760965651396776,0.9996187807695395
9.9,0.08293368557175995,-0.024358361029660124,0.07968243797141565,0.9968202992911669
10.0,0.0830078125,-0.0081460385878529,0.13002813458933327,0.9915103046439901
10.1,0.08306896997119395,-0.024366378784179688,0.183039887955127,0.983105487431219
10.2,0.08782946752880605,-0.01629923785747186,0.23553305940495942,0.9718663374802833
10.3,0.087890625,-0.01630052919168179,0.2888164082060562,0.9573845007889739
10.4,0.09033203125,-0.016276041666666668,0.3426563809621169,0.9394608052419987
10.5,0.09283697760260168,-0.024438550025015125,0.39540147894780925,0.9185083943252152
10.6,0.09515130364739832,-0.03244637803542598,0.44824061228520423,0.8939129451452111
10.7,0.09775428884058357,-0.03263330110610715,0.5022124740457073,0.8647442575194644
10.8,0.10244102365941643,-0.0244140625,0.5555575038286396,0.8314781175350865
10.9,0.10262710541546483,-0.02449528027277381,0.6079497849677635,0.7939754775543449
11.0,0.1073338320845707,-0.032470865560559524,0.6589612929820322,0.7521768504490471
11.1,0.10992000317642692,-0.04069010416666667,0.7081906370331931,0.7060212614493421
11.2,0.11468937182357308,-0.04069010416666667,0.7562060014143914,0.6543336178318041
11.3,0.11727562881098663,-0.040673512890757976,0.8022927955381091,0.5969307080622054
11.4,0.12198218368901337,-0.024446642029000525,0.8448535652497116,0.5349976198870902
11.5,0.12456759172884802,-0.04067411591357484,0.884079797178923,0.46733597359937357
11.6,0.12943209776452136,-0.04067424072336697,0.9179019714893135,0.3968072211238494
11.7,0.13427024082343308,-0.04068997935687454,0.9475855910177371,0.31950203081602774
11.8,0.13426048783212963,-0.03255164773001695,0.971502440959462,0.2370295492334382
11.9,0.14160753907315637,-0.024446648741616173,0.9882575677307481,0.15279718525845223
12.0,0.1416002322061516,-0.024397900114792037,0.99792508687652,0.06438572033059686
12.1,0.14405697063274658,-0.02443048635640821,0.9996600768155544,-0.026071647840515817
12.2,0.14883765243901337,-0.024413930977592223,0.993211949234794,-0.11631863091191001
12.3,0.14898932135260168,-0.02439777016599957,0.9779985149345582,-0.2086118519782583
12.4,0.14892565429676097,-0.008138020833333334,0.9537681898859959,-0.3005432414172559
12.5,0.15374518060063735,2.4462988434947874e-05,0.9209172415291906,-0.38975817406985364
12.6,0.1513671875,-2.4462988434947874e-05,0.8797425928000552,-0.47545028174714166
12.7,0.15380859375,-0.008105436165332474,0.8306189680041863,-0.5568412071602283
12.8,0.1513671875,0.008009933227744645,0.7739826906068317,-0.6332067550500464
12.9,0.1513671875,0.008233523770802739,0.7092771561765834,-0.7049297239626505
13.0,0.14901894645916514,0.016243456998665806,0.6402931964236307,-0.7681306025758965
13.1,0.14891844672934695,0.016547542941343828,0.5657318107836081,-0.8245893027850287
13.2,0.1440434746283259,0.024183357821527807,0.4862102761244903,-0.8738418434653646
13.3,0.14395663218319754,0.040681892238462566,0.40527024305968046,-0.9141969317878657
13.4,0.1416015625,0.03232786033950201,0.3224091440555879,-0.9466004140234374
13.5,0.13427734375,0.03276809439896056,0.24000302244875238,-0.9707721407289476
13.6,0.13185819956305522,0.04064224705366826,0.15733296686942608,-0.9875456128888752
13.7,0.12702348438029532,0.04080251954405867,0.07509430084792117,-0.9971764367353262
13.8,0.12447553182298066,0.04880442869724296,-0.0030785254783182643,-0.9999952613292121
13.9,0.1195724717336688,0.048795804138990206,-0.07968243797143323,-0.9968202992911654
14.0,0.11474609375,0.04877139370300654,-0.1527911031366983,-0.9882585080849396
14.1,0.10986328125,0.04884397609998814,-0.22060793798022552,-0.9753625673051601
14.2,0.10260735358393447,0.0407863950600292,-0.2858880225645745,-0.9582630320293679
14.3,0.10012262162419461,0.04882878725579095,-0.3469818076204949,-0.9378718596804224
14.4,0.09519556929944883,0.048779623866579414,-0.40383845756764947,-0.9148303122379482
14.5,0.09025804924242209,0.05695824484218311,-0.45644898239687065,-0.8897495863830797
14.6,0.08544921875,0.048755965209323904,-0.504863108531275,-0.8631994217121198
14.7,0.08056640625,0.048900284790676096,-0.5478940591730859,-0.8365477272235213
14.8,0.0732421875,0.048828125,-0.5882925473479529,-0.8086481798253531
14.9,0.07080078125,0.05703830562400943,-0.624859488142385,-0.7807372285720956
15.0,0.0634765625,0.05689398604265724,-0.6566505457294196,-0.7541949753168974
